{"lowlevel.spectral_centroid.mean": [0.3184492290019989], "lowlevel.spectral_contrast.mean": [[0.9128069281578064, 0.6246441602706909, 0.5452700853347778, 0.6047732830047607, 0.7879910469055176, 0.4895744323730469]], "lowlevel.dissonance.mean": [0.41374897956848145], "lowlevel.hfc.mean": [0.4731499254703522], "lowlevel.mfcc.mean": [[0.5355217456817627, 0.8765392303466797, 0.607309103012085, 1.0385870933532715, 0.8322765827178955, 0.4089239835739136, 0.9479982852935791, 0.7116837501525879, 0.17210155725479126, 0.2911282777786255, 0.314924418926239, 0.25345903635025024, 0.4760673940181732]], "sfx.logattacktime.mean": [0.6928191184997559], "sfx.inharmonicity.mean": [0.27432534098625183]}