{"lowlevel.spectral_centroid.mean": [0.3223990499973297], "lowlevel.spectral_contrast.mean": [[1.097963571548462, 0.6078380346298218, 0.5112419128417969, 0.5864362716674805, 0.7399196624755859, 0.7826299667358398]], "lowlevel.dissonance.mean": [0.6872451305389404], "lowlevel.hfc.mean": [0.514617919921875], "lowlevel.mfcc.mean": [[0.9567869305610657, 0.6440402269363403, 0.43016675114631653, 1.2605431079864502, 0.8776350617408752, 0.6422144174575806, 1.1232960224151611, 0.48730766773223877, 0.6780513525009155, 0.25107547640800476, 0.5456733107566833, 0.338724821805954, 0.22309401631355286]], "sfx.logattacktime.mean": [0.5128099918365479], "sfx.inharmonicity.mean": [0.390377938747406]}