{"lowlevel.spectral_centroid.mean": [0.323432594537735], "lowlevel.spectral_contrast.mean": [[1.0016772747039795, 0.7081732749938965, 0.24130606651306152, 0.23459672927856445, 0.09787273406982422, 0.10240650177001953]], "lowlevel.dissonance.mean": [0.2984352111816406], "lowlevel.hfc.mean": [0.49234792590141296], "lowlevel.mfcc.mean": [[0.3464696407318115, 0.9125027656555176, 1.257420539855957, 1.174622654914856, 1.120302677154541, 0.9098150730133057, 0.7012706398963928, 0.42757079005241394, 0.33658260107040405, 0.3199453353881836, 0.4079881012439728, 0.4161664843559265, 0.40510013699531555]], "sfx.logattacktime.mean": [0.38094961643218994], "sfx.inharmonicity.mean": [0.20573976635932922]}