{"lowlevel.spectral_centroid.mean": [0.4763021171092987], "lowlevel.spectral_contrast.mean": [[0.5368629693984985, 0.33724117279052734, 0.35719990730285645, 0.3193213939666748, 0.3613746166229248, 0.4038517475128174]], "lowlevel.dissonance.mean": [0.5680783987045288], "lowlevel.hfc.mean": [0.46774688363075256], "lowlevel.mfcc.mean": [[0.38790416717529297, 0.5713334083557129, 0.7234295606613159, 0.7924643158912659, 0.6798574328422546, 0.6068680286407471, 0.6398779153823853, 0.6884170770645142, 0.6243250966072083, 0.6340408325195312, 0.6280077695846558, 0.629372239112854, 0.5963321924209595]], "sfx.logattacktime.mean": [0.843887984752655], "sfx.inharmonicity.mean": [0.8376384973526001]}