{"lowlevel.spectral_centroid.mean": [0.3660884499549866], "lowlevel.spectral_contrast.mean": [[0.5162237882614136, 0.614333987236023, 0.6063932180404663, 0.5781753063201904, 0.5875005722045898, 0.7265691757202148]], "lowlevel.dissonance.mean": [0.5460082292556763], "lowlevel.hfc.mean": [0.4705146551132202], "lowlevel.mfcc.mean": [[0.8278183937072754, 0.6425666213035583, 0.5237031579017639, 0.7530745267868042, 0.46791356801986694, 0.6201419830322266, 0.38108935952186584, 0.5340860486030579, 0.3480308949947357, 0.5953972935676575, 0.4130069613456726, 0.4202021062374115, 0.3215296268463135]], "sfx.logattacktime.mean": [0.8383532762527466], "sfx.inharmonicity.mean": [0.8729239702224731]}