{"lowlevel.spectral_centroid.mean": [0.49362093210220337], "lowlevel.spectral_contrast.mean": [[0.7136170268058777, 0.5143717527389526, 0.48937880992889404, 0.44441890716552734, 0.4819502830505371, 0.602506160736084]], "lowlevel.dissonance.mean": [0.6284189224243164], "lowlevel.hfc.mean": [0.502734899520874], "lowlevel.mfcc.mean": [[0.8446078300476074, 0.5902589559555054, 0.7818927764892578, 0.9189596772193909, 0.6391949653625488, 0.5952469110488892, 0.7114145755767822, 0.602331817150116, 0.5971241593360901, 0.5540924668312073, 0.6059611439704895, 0.5133094787597656, 0.4836638867855072]], "sfx.logattacktime.mean": [0.6600488424301147], "sfx.inharmonicity.mean": [0.36972445249557495]}