{"lowlevel.spectral_centroid.mean": [0.32899147272109985], "lowlevel.spectral_contrast.mean": [[0.929604709148407, 0.3316279649734497, 0.33452773094177246, 0.3203880786895752, 0.329453706741333, 0.3487222194671631]], "lowlevel.dissonance.mean": [0.516169548034668], "lowlevel.hfc.mean": [0.4706457257270813], "lowlevel.mfcc.mean": [[0.4097099304199219, 0.7536478042602539, 0.7134332656860352, 0.902868926525116, 0.9839509725570679, 0.8830052614212036, 0.9158093929290771, 0.7231796383857727, 0.8042018413543701, 0.728278636932373, 0.6871368885040283, 0.57623291015625, 0.5244150161743164]], "sfx.logattacktime.mean": [0.2689024806022644], "sfx.inharmonicity.mean": [0.6692013740539551]}