{"lowlevel.spectral_centroid.mean": [0.3443933427333832], "lowlevel.spectral_contrast.mean": [[0.9195379018783569, 1.0121766328811646, 0.5519530773162842, 0.6282482147216797, 0.9073135852813721, 0.7131421566009521]], "lowlevel.dissonance.mean": [0.6402463912963867], "lowlevel.hfc.mean": [0.4887191355228424], "lowlevel.mfcc.mean": [[0.8615492582321167, 0.9069374799728394, 0.14889776706695557, 0.7590546607971191, 0.900530219078064, 0.7868814468383789, 0.10784313082695007, 0.1428990662097931, 0.06399065256118774, -0.08359658718109131, 0.057381123304367065, 0.18384990096092224, 0.3637656271457672]], "sfx.logattacktime.mean": [0.49088719487190247], "sfx.inharmonicity.mean": [0.2898300886154175]}