{"lowlevel.spectral_centroid.mean": [0.3650085926055908], "lowlevel.spectral_contrast.mean": [[0.778507649898529, 0.801669716835022, 0.8991026878356934, 0.7798899412155151, 0.6256165504455566, 0.6061522960662842]], "lowlevel.dissonance.mean": [0.4138535261154175], "lowlevel.hfc.mean": [0.5067798495292664], "lowlevel.mfcc.mean": [[0.8555353879928589, 0.7992010116577148, 0.562346875667572, 0.5600684285163879, 0.48499634861946106, 0.5489679574966431, 0.2909964919090271, 0.6101917028427124, 0.6656777858734131, 0.47937753796577454, 0.24044200778007507, 0.3944985866546631, 0.5478609204292297]], "sfx.logattacktime.mean": [0.8249267339706421], "sfx.inharmonicity.mean": [0.6008822917938232]}