{"lowlevel.spectral_centroid.mean": [0.3479059040546417], "lowlevel.spectral_contrast.mean": [[0.5151467323303223, 0.574650764465332, 0.5545225143432617, 0.5156800746917725, 0.5916457176208496, 0.5499541759490967]], "lowlevel.dissonance.mean": [0.5612605810165405], "lowlevel.hfc.mean": [0.4741867780685425], "lowlevel.mfcc.mean": [[0.6712170839309692, 1.073386788368225, 0.37906694412231445, 0.2353850156068802, 0.34033259749412537, 0.23982925713062286, 0.26034015417099, 0.25860291719436646, 0.3932986259460449, 0.42328742146492004, 0.45046162605285645, 0.45067864656448364, 0.4650786519050598]], "sfx.logattacktime.mean": [0.71538907289505], "sfx.inharmonicity.mean": [0.5028634071350098]}