{"lowlevel.spectral_centroid.mean": [0.49704307317733765], "lowlevel.spectral_contrast.mean": [[0.7150818109512329, 0.6674941778182983, 0.6201629638671875, 0.7500982284545898, 0.7326407432556152, 0.3992471694946289]], "lowlevel.dissonance.mean": [0.5635430812835693], "lowlevel.hfc.mean": [0.46828755736351013], "lowlevel.mfcc.mean": [[0.5509111881256104, 0.9695643186569214, 0.33400288224220276, 0.08650133013725281, 0.4632517993450165, 0.18318906426429749, 0.1266343593597412, 0.09260529279708862, 0.19636505842208862, 0.26978200674057007, 0.23913511633872986, 0.17204314470291138, 0.20296776294708252]], "sfx.logattacktime.mean": [0.5935301780700684], "sfx.inharmonicity.mean": [0.46585455536842346]}