{"lowlevel.spectral_centroid.mean": [0.295411080121994], "lowlevel.spectral_contrast.mean": [[1.3662867546081543, 0.1070791482925415, 0.08722281455993652, 0.04987454414367676, 0.041182518005371094, 0.06442761421203613]], "lowlevel.dissonance.mean": [-0.6645578145980835], "lowlevel.hfc.mean": [0.47044458985328674], "lowlevel.mfcc.mean": [[0.0684586763381958, 0.7556233406066895, 1.2281843423843384, 1.409883737564087, 1.5424234867095947, 1.479402780532837, 1.4198542833328247, 1.2401572465896606, 1.067089319229126, 0.835169792175293, 0.6524759531021118, 0.46561765670776367, 0.361358106136322]], "sfx.logattacktime.mean": [0.45500651001930237], "sfx.inharmonicity.mean": [1.4853233098983765]}