{"lowlevel.spectral_centroid.mean": [0.3711906671524048], "lowlevel.spectral_contrast.mean": [[0.6437371969223022, 0.4627399444580078, 0.4740332365036011, 0.44212889671325684, 0.46918177604675293, 0.5700626373291016]], "lowlevel.dissonance.mean": [0.5795180797576904], "lowlevel.hfc.mean": [0.47455787658691406], "lowlevel.mfcc.mean": [[0.7011302709579468, 0.7083582878112793, 0.6699831485748291, 0.7952331304550171, 0.6317716240882874, 0.7627471685409546, 0.5975368022918701, 0.7275700569152832, 0.3949100375175476, 0.5404056906700134, 0.5447338223457336, 0.5729363560676575, 0.4072425067424774]], "sfx.logattacktime.mean": [0.249217689037323], "sfx.inharmonicity.mean": [0.6384769678115845]}