{"lowlevel.spectral_centroid.mean": [0.29610878229141235], "lowlevel.spectral_contrast.mean": [[1.0798346996307373, 0.2177598476409912, 0.1551063060760498, 0.11456727981567383, 0.12868022918701172, 0.16423606872558594]], "lowlevel.dissonance.mean": [0.6259812116622925], "lowlevel.hfc.mean": [0.46756359934806824], "lowlevel.mfcc.mean": [[0.19123542308807373, 0.502750039100647, 0.8154313564300537, 0.8050486445426941, 0.9082820415496826, 0.8772638440132141, 0.9535062313079834, 0.9492793679237366, 0.975477397441864, 0.9469900131225586, 0.944604754447937, 0.9246633052825928, 0.9393299221992493]], "sfx.logattacktime.mean": [0.2873396873474121], "sfx.inharmonicity.mean": [0.2245519757270813]}