{"lowlevel.spectral_centroid.mean": [0.5913382768630981], "lowlevel.spectral_contrast.mean": [[0.5973972082138062, 0.46696221828460693, 0.3138694763183594, 0.31969618797302246, 0.29393982887268066, 0.2967257499694824]], "lowlevel.dissonance.mean": [0.5978497266769409], "lowlevel.hfc.mean": [0.46860548853874207], "lowlevel.mfcc.mean": [[0.2749178409576416, 0.6016800999641418, 0.749383807182312, 0.7527902126312256, 0.860594630241394, 0.8292272090911865, 0.7970160245895386, 0.6044560074806213, 0.536137044429779, 0.4419507384300232, 0.48852089047431946, 0.5502761006355286, 0.47693803906440735]], "sfx.logattacktime.mean": [0.5869303941726685], "sfx.inharmonicity.mean": [0.3704233169555664]}