{"lowlevel.spectral_centroid.mean": [0.3197977840900421], "lowlevel.spectral_contrast.mean": [[0.9973572492599487, 0.7721322774887085, 0.6123106479644775, 0.421588659286499, 0.3518342971801758, 0.3419487476348877]], "lowlevel.dissonance.mean": [-0.10172432661056519], "lowlevel.hfc.mean": [0.48088037967681885], "lowlevel.mfcc.mean": [[0.4179595708847046, 1.0687364339828491, 0.8828906416893005, 0.8556900024414062, 0.6773006319999695, 0.5916807055473328, 0.5341244339942932, 0.5015828609466553, 0.43512043356895447, 0.4005984663963318, 0.4131373167037964, 0.30980437994003296, 0.21930068731307983]], "sfx.logattacktime.mean": [0.7278297543525696], "sfx.inharmonicity.mean": [0.3235136866569519]}